,country,year,country_en,party_id,party_abb,party,party_en,president,wave,lrecon,lrecon_blur,lrecon_dissent,lrecon_salience,galtan,galtan_blur,galtan_dissent,galtan_salience,lrgen,covid_ec,covid_ex,immigrate_policy,immigrate_salience,redistribution,redist_salience,environment,enviro_salience,spendvtax,spendvtax_salience,deregulation,deregulation_salience,sociallifestyle,sociallifestyle_salience,religious_principles,religious_principles_salience,protectionism,protectionism_salience,regions,regions_salience,crime,crime_salience,ethnic_minorities,ethnic_minorities_salience,int_org,int_org_salience,people_vs_elite,antielite_salience,corrupt_salience,members_vs_leadership,hor_accountability,hor_acc_salience,linkage_people,linkage_manichean,linkage_clientelism,linkage_charisma,patronage,partisanship,clientelism,programmatism
1,AR,2020,Argentina,5001,FT,Frente de Todos,Everybody's Front,0,1,3.38888888888889,3,4.4,7.33333333333333,3.88888888888889,3.5,4,6,3.55555555555556,9.29411764705882,7.25,3.25,2,2.77777777777778,7.17647058823529,6.5,2.07142857142857,3.07692307692308,6.58333333333333,2.61538461538462,6,2.92857142857143,6,4.07142857142857,4.64285714285714,7.33333333333333,7.35714285714286,5.81818181818182,5.4,4.13333333333333,4.92857142857143,5.2,2.27272727272727,4.53846153846154,4.23076923076923,3.41666666666667,5.6,2.5,7.86666666666667,6.71428571428571,5.25,3,2.78571428571429,1.69230769230769,7.73333333333333,7,7.21428571428571,6.71428571428571,6.64285714285714
2,AR,2020,Argentina,5002,JC,Juntos por el Cambio,Together for Change,0,1,7.27777777777778,4.125,3.1,7.5,6.33333333333333,5.25,6.11111111111111,5.16666666666667,7.16666666666667,4.55555555555556,3.25,6.91666666666667,3.07142857142857,7.05555555555556,4.64705882352941,7.77777777777778,1.61538461538462,6.15384615384615,5.36363636363636,7.30769230769231,7.61538461538461,5.57142857142857,5.21428571428571,5.35714285714286,4.21428571428571,2.53333333333333,7.21428571428571,5.2,5.1,6.73333333333333,7.28571428571429,6.5,2,3.92307692307692,4.91666666666667,1.66666666666667,2.92857142857143,7.28571428571429,8.26666666666667,4.35714285714286,6.5,7.42857142857143,3.35714285714286,5.23076923076923,6,5.41666666666667,4.07142857142857,5.28571428571429,7.35714285714286
3,AR,2020,Argentina,5003,CF,Consenso Federal,Federal Consensus,0,1,5.76470588235294,5.875,2.75,6.66666666666667,6.66666666666667,6.42857142857143,4.375,3.46666666666667,6.05882352941176,5.42857142857143,4.42857142857143,6.2,1.8,5.35714285714286,4.66666666666667,7.75,1.3,4.66666666666667,4.75,4.81818181818182,6,5.90909090909091,3.72727272727273,5.72727272727273,4.54545454545455,4.71428571428571,6.18181818181818,4.71428571428571,3.57142857142857,5.27272727272727,6.2,5.71428571428571,1.9,4.4,4.3,2.41666666666667,3.08333333333333,5.09090909090909,8.54545454545454,4.18181818181818,5.71428571428571,6.22222222222222,5.09090909090909,2.9,5.16666666666667,4.90909090909091,4.4,4.44444444444444,5.75
4,AR,2020,Argentina,5004,FI,Frente de Izquierda - Unidad,Left Front,0,1,1.22222222222222,0.625,2.11111111111111,7.76470588235294,2.64705882352941,3.375,1.57142857142857,5.6875,1.44444444444444,8.33333333333333,2.85714285714286,1.25,2.4,0.529411764705882,8.33333333333333,3.5,4.33333333333333,2,6.77777777777778,1.84615384615385,6.41666666666667,1.71428571428571,7.46153846153846,0.785714285714286,3.5,9.14285714285714,6.45454545454545,4.25,2.8,2.06666666666667,4.36363636363636,3,3.54545454545455,6.1,2.375,7.6,7.92307692307692,5.3,5.9,5.66666666666667,3.66666666666667,1.9,2.75,4,3.08333333333333,3.22222222222222,5.8,2.5,7.92857142857143
5,AR,2020,Argentina,5005,AF,Alberto Fernández,Alberto Fernández,1,1,4.22222222222222,4.125,NA,7.33333333333333,3.38888888888889,4.125,NA,5.76470588235294,4.16666666666667,9.27777777777778,7.5625,3.2,2.85714285714286,3.66666666666667,6.94444444444444,6.66666666666667,2.35714285714286,2.84615384615385,6.33333333333333,3.69230769230769,6.23076923076923,2.28571428571429,6.07142857142857,3.61538461538462,3.61538461538462,6.8,7,5.25,6.09090909090909,4.46666666666667,4.85714285714286,4.8,2.18181818181818,4.38461538461539,4.15384615384615,2.91666666666667,4.8,3.07142857142857,NA,6.28571428571429,5.25,4.83333333333333,4.28571428571429,2.15384615384615,5.92857142857143,6.08333333333333,6.38461538461539,5.92307692307692,6.14285714285714
6,BO,2020,Bolivia,5101,MAS,Movimiento al Socialismo,Movement for Socialism,0,1,2.75,1.25,4.25,8,6,5,5.66666666666667,6.28571428571429,2.5,5,1.6,4,2,2,6,6.6,5,2.6,6.4,2.4,4.5,4.4,4,3,5.66666666666667,6.5,6.83333333333333,5.16666666666667,5,3.2,4.6,1.6,8,8.4,6,7.4,9,6.8,4.75,8,7,1.6,1,4.25,8.6,7.5,9.2,7.5,8.4
7,BO,2020,Bolivia,5102,CC,Comunidad Ciudadana,Civic Community,0,1,5.375,3.25,4,7.16666666666667,3.875,5,4.33333333333333,6,5.125,5.75,3.75,4.33333333333333,2,5,5.16666666666667,4,4.6,5,6.4,5.2,6.25,2.6,6.4,4,5.83333333333333,4.66666666666667,5.33333333333333,3.5,7,4,5.2,4,6,3.6,6.66666666666667,5.4,2.66666666666667,8.8,8.25,1.25,6.33333333333333,8.2,7.6,7.66666666666667,5.75,3.33333333333333,3.4,5,4.75
8,BO,2020,Bolivia,5103,MDS,Movimiento Demócrata Social,Democrat Social Movement,0,1,8.5,2.25,2.33333333333333,6.16666666666667,7.5,0,3.6,5.83333333333333,7.5,4.25,6.5,6.33333333333333,2.33333333333333,7.66666666666667,5.5,7,3.6,7,5.25,7.5,5,7,5.4,7.66666666666667,8.33333333333333,5.5,6.16666666666667,1.8,8.25,7.25,8.25,7.75,3.75,2,7.66666666666667,4.6,1.25,7.25,8.66666666666667,7.75,5.33333333333333,7.6,1.4,4,7,9,6.25,8.5,6
9,BO,2020,Bolivia,5104,FUN,Frente de Unidad Nacional,Natinal Unity Front,0,1,6,4.25,3,7,6.14285714285714,NA,3.4,5,6.14285714285714,4,7,5.66666666666667,1.66666666666667,6.2,4.4,7.75,3.25,6.4,5.25,7.25,6.33333333333333,5.6,6.2,4.4,6,4.4,6.6,2.5,7,6,8,6.5,2.33333333333333,2,8.33333333333333,6.2,2.66666666666667,8.75,9.33333333333333,4.66666666666667,6.33333333333333,8.2,5.25,5.5,5.25,5.25,4.25,7.66666666666667,7.66666666666667
10,BO,2020,Bolivia,5105,CR,Creemos,We Believe/Create,0,1,9.125,5.5,2,5.66666666666667,9,0,3,6.28571428571429,8.875,3.5,6.66666666666667,7.66666666666667,1.66666666666667,8.33333333333333,5.16666666666667,7.6,3.2,7.6,4,8.25,6,9,5,9,9.33333333333333,5.5,6,1.6,8.4,8.5,6,8.25,2,1.66666666666667,9,5.6,1,7.5,9.33333333333333,6.66666666666667,5,7.6,0.5,4.25,8.25,9,4.66666666666667,8.5,6.5
11,BO,2020,Bolivia,5106,FV,Frente para la Victoria,Front for Victory,0,1,8.5,5,3,5.33333333333333,9.16666666666667,NA,4,7,8.83333333333333,5,5,6.5,2.5,8.5,4,7.33333333333333,3,7.66666666666667,5.66666666666667,8.66666666666667,7,9.75,6.75,9.5,9.25,5.33333333333333,7,4,6,8.5,5,6.33333333333333,3,5,8,4.33333333333333,0,9.5,9.33333333333333,10,9,10,0,3.5,8.66666666666667,10,4,9,6
12,BO,2020,Bolivia,5107,MNR,Movimiento Nacionalista Revolucionario,Revolutionary Nationalist Movement,0,1,6.75,7.5,2.5,5.25,6.5,NA,5.5,4.25,6.28571428571429,4,6,5.33333333333333,2,6.6,5,7,2.75,6.6,4,6.33333333333333,6,5.25,4.75,4.6,6.4,4.75,6,4.33333333333333,6,6,5,5,3.5,4.33333333333333,6,4.75,4.5,7.66666666666667,7.33333333333333,4,5,6.5,5,5.33333333333333,4.66666666666667,5,7.5,7.5,5.66666666666667
13,BO,2020,Bolivia,5108,JA,Jeanine Áñez,Jeanine Áñez,1,1,8.875,4,NA,7.16666666666667,8.85714285714286,0,NA,6.85714285714286,8.875,5.83333333333333,8,6.33333333333333,2.66666666666667,7.33333333333333,6,7.4,2.8,7.4,5,7.33333333333333,6,8.25,5.4,9.8,10,4,7.6,2.5,7.75,8,9,8.4,4,1.6,9,4,1,6.2,NA,8.2,5.66666666666667,8,1,4,8,9,5.33333333333333,8.5,7.5
14,BR,2020,Brazil,5201,PT,Partido dos Trabalhadores,Workers’ Party,0,1,2.61538461538462,2.25,3,7.38461538461539,1.84615384615385,1.75,2.75,7.61538461538461,2.69230769230769,8,0.888888888888889,1.5,4.33333333333333,1.75,9.09090909090909,2.27272727272727,7.09090909090909,1.6,6.22222222222222,1.54545454545455,7.33333333333333,1.6,8.66666666666667,2.45454545454545,3.6,7.22222222222222,5.9,6,7,1.375,6.25,1.125,8.375,2,7.6,6.33333333333333,4.5,3.66666666666667,5.25,3.625,8,7.66666666666667,3.66666666666667,5.77777777777778,8.6,4.875,8,5,8.88888888888889
15,BR,2020,Brazil,5202,PSL,Partido Social Liberal,Social Liberal Party,0,1,8.53846153846154,4.25,1.85714285714286,6.69230769230769,9.69230769230769,1.125,4.25,8.53846153846154,9.15384615384615,1.5,7.22222222222222,6.42857142857143,3.375,7.5,4.45454545454545,9,4.36363636363636,7.875,5.375,8.5,7.55555555555556,9.3,7.44444444444444,8.63636363636364,8.875,2.88888888888889,6.4,5.8,6.75,8.625,8.375,8.625,5.125,7.25,6,4.85714285714286,7,6.5,5.71428571428571,7.75,5.14285714285714,2.6,1.125,3,9.11111111111111,5.625,4.66666666666667,7.33333333333333,8.44444444444444
16,BR,2020,Brazil,5203,PP,Partido Progressista,Progressive Party,0,1,7.46153846153846,5,3.57142857142857,5.63636363636364,7.81818181818182,2.83333333333333,4.5,6.09090909090909,7.83333333333333,3.75,5.57142857142857,5.42857142857143,2.625,6.90909090909091,3.7,7.5,4.54545454545455,7.25,4.125,7.6,6.22222222222222,7.875,6.33333333333333,7.25,5.25,5,5.625,4.4,6,6.75,7,6.71428571428571,4,5.25,5,2.75,3,6.28571428571429,7,4.5,6.42857142857143,4,4.66666666666667,3.22222222222222,5.83333333333333,7.14285714285714,2,7.42857142857143,2.83333333333333
17,BR,2020,Brazil,5204,PSD,Partido Social Democrático,Social Democratic Party,0,1,6.41666666666667,4,4.28571428571429,5.81818181818182,7,4.16666666666667,4.25,5.3,7.08333333333333,4.33333333333333,4.57142857142857,5.42857142857143,2.625,6.81818181818182,3.7,7.2,4.4,6.875,3.75,6.5,6.33333333333333,6.44444444444444,6,5.71428571428571,5.22222222222222,4.75,5,4.4,6,6.625,7.42857142857143,6.14285714285714,4.42857142857143,5.25,5,2.75,3.28571428571429,5.875,7,4.42857142857143,6.66666666666667,8.66666666666667,6.28571428571429,3.22222222222222,5.83333333333333,6.125,2,7.83333333333333,4.375
18,BR,2020,Brazil,5205,MDB,Movimento Democrático Brasileiro,Brazilian Democratic Movement,0,1,5.30769230769231,4.5,5.28571428571429,4.90909090909091,5.66666666666667,6.28571428571429,5,4.33333333333333,5.46153846153846,5.33333333333333,3.14285714285714,4.85714285714286,2.75,4.58333333333333,5.1,5.4,4.09090909090909,5,4.625,5.3,5,5.55555555555556,4.875,5.11111111111111,4,5,5.33333333333333,3.4,6.75,4.625,6.25,4.5,4.75,3.4,6,3.125,3.14285714285714,4.28571428571429,6.33333333333333,3.5,6.42857142857143,7.25,6.75,3,3.625,7.375,3.85714285714286,8,2.55555555555556
19,BR,2020,Brazil,5206,PR,Partido da República ,Party of the Republic,0,1,7.2,5,3.33333333333333,5.44444444444444,7.9,3.16666666666667,4.25,6.22222222222222,6.72727272727273,3.57142857142857,5.71428571428571,5.5,2.625,6.6,3.66666666666667,6.75,4.375,7.125,3.5,6.7,6,7.22222222222222,5.625,6.14285714285714,5.11111111111111,4,5.625,4.4,5.75,6.125,6.71428571428571,6,4,4.75,5,2.75,3.14285714285714,5,7,5.57142857142857,6.66666666666667,7,6.16666666666667,3.33333333333333,5,7,2,8,3.14285714285714
20,BR,2020,Brazil,5207,PS,Partido Socialista Brasileiro ,Brazilian Socialist Party,0,1,2.84615384615385,3,2,6.5,3.08333333333333,2.28571428571429,2.75,6.58333333333333,3.07692307692308,8.25,1.625,2.42857142857143,3.25,1.91666666666667,7.1,2.5,5.09090909090909,2.625,5.375,2.8,5.75,2.66666666666667,6.77777777777778,2.55555555555556,3.4,7.125,6,5,6,1.875,6.625,1.85714285714286,7.5,3.5,6.5,4.5,3.83333333333333,5.57142857142857,6.42857142857143,3.25,7.71428571428571,6.75,5.875,6,5,5,5.57142857142857,5.16666666666667,6.88888888888889
21,BR,2020,Brazil,5208,PRB,Partido Republicano Brasileiro,Brazilian Republican Party,0,1,7.63636363636364,6.25,4.2,4.8,8.27272727272727,4.66666666666667,3,6.7,7.81818181818182,3.28571428571429,5.85714285714286,5.5,2.57142857142857,6.8,4.14285714285714,6.8,3.5,7.125,3.375,6.71428571428571,5.22222222222222,8.22222222222222,6.85714285714286,8.125,7,5.33333333333333,5.25,4.4,6.5,7,7.71428571428571,7.28571428571429,4.85714285714286,6,6,3.75,5.14285714285714,5.14285714285714,8.33333333333333,7,6.66666666666667,4,5,2.75,7,7.14285714285714,2.2,8,4.57142857142857
22,BR,2020,Brazil,5209,PSDB,Partido da Social Democracia Brasileira ,Brazilian Social Democratic Party,0,1,5.25,2.5,3.71428571428571,7.25,3.5,3,3.5,6.58333333333333,4.92307692307692,7.1,1.55555555555556,2.57142857142857,2.875,3.58333333333333,6.6,3.2,6.09090909090909,4.125,5.375,5.6,7.66666666666667,3.55555555555556,5.66666666666667,3,3.6,3.55555555555556,7.33333333333333,4.6,7.5,4.625,6.625,2.75,6.375,2.2,7.4,3.5,3.28571428571429,5.75,7,3.25,7.85714285714286,8,7.77777777777778,5.33333333333333,4.66666666666667,5.875,5.28571428571429,5.42857142857143,7.22222222222222
23,BR,2020,Brazil,5210,DEM,Democratas,Democrats,0,1,7.15384615384615,3.25,3.85714285714286,7.36363636363636,5.91666666666667,3.14285714285714,3,5.75,6.84615384615385,7,1.55555555555556,3.28571428571429,2.75,4.63636363636364,5.44444444444444,4.44444444444444,5.54545454545455,5.75,5.42857142857143,6.3,7.55555555555556,4.55555555555556,5.55555555555556,3.57142857142857,4,5,6.25,4.6,7.25,5.28571428571429,7.28571428571429,4.75,6,2.75,6.5,3.875,3.57142857142857,5.42857142857143,8,3.875,7.71428571428571,8.5,7.14285714285714,4.55555555555556,5.57142857142857,6.375,4,6.57142857142857,5.375
24,BR,2020,Brazil,5211,PDT,Partido Democrático Trabalhista,Democratic Labor Party,0,1,3.76923076923077,3.75,2.85714285714286,6.63636363636364,4.16666666666667,4.14285714285714,3,5.91666666666667,3.84615384615385,7.375,1.875,2.71428571428571,2.875,2.54545454545455,7.5,3,5.45454545454545,3.25,6,3.1,6.33333333333333,3.55555555555556,6,3.11111111111111,3.9,6.22222222222222,5.5,5.6,6.5,3.125,6.5,2.625,6.75,3.25,6.25,3.85714285714286,3.33333333333333,5,6.83333333333333,4.375,7.57142857142857,7,5.57142857142857,5.33333333333333,6.625,6,5.71428571428571,6,7.125
25,BR,2020,Brazil,5212,JB,Jair Bolsonaro,Jair Bolsonaro,1,1,8.76923076923077,6.25,NA,4.66666666666667,9.76923076923077,0.125,NA,9.53846153846154,9.53846153846154,0.25,6.09090909090909,6.88888888888889,5.6,8.25,4.72727272727273,9.81818181818182,3.54545454545455,8.625,5.66666666666667,8.5,8.22222222222222,9.8,8.77777777777778,9.63636363636364,9.6,3.55555555555556,7.22222222222222,8.4,7.75,9.375,9.25,9.85714285714286,5.5,9,5.8,6.25,9.71428571428571,6.77777777777778,NA,9.875,5.375,1.2,0.222222222222222,2,9.6,6.75,1.71428571428571,6.71428571428571,7.33333333333333
26,CL,2020,Chile,5301,RN,Renovación Nacional,National Renewal,0,1,7.11111111111111,4.33333333333333,4.88888888888889,8.72222222222222,6.83333333333333,4.625,4.9,5.625,7.05555555555556,4,7.15384615384615,7.58333333333333,4.21428571428571,6.42857142857143,5.14285714285714,7.21428571428571,3.71428571428571,6.42857142857143,5.30769230769231,7.64285714285714,6,6.38461538461539,3.76923076923077,6.66666666666667,4.25,1.75,4.91666666666667,4.22222222222222,4.22222222222222,6.90909090909091,7.45454545454545,6.54545454545455,4.27272727272727,4,3.3,1.8,2.8,4.5,8.3,3.1,4,8.6,6.8,3.5,6.2,5.1,4.8,5.9,5.8
27,CL,2020,Chile,5302,UDI,Unión Demócrata Independiente,Independent Democratic Union,0,1,8.94444444444444,3,2.66666666666667,8.77777777777778,9.11111111111111,1.375,3.9,5.94117647058824,8.94444444444444,2.93333333333333,8.38461538461539,9,4.21428571428571,8.78571428571429,3.5,7.92857142857143,2.64285714285714,8.28571428571429,4.76923076923077,9.21428571428571,5.85714285714286,9.38461538461539,3.30769230769231,8.83333333333333,5.91666666666667,1.58333333333333,4.75,5.77777777777778,3.66666666666667,8.27272727272727,8.27272727272727,8.7,3.09090909090909,5.11111111111111,2.3,1.6,2.5,4.4,9,3.5,4,7.5,3.5,2.1,7.2,7.7,7.6,7.6,8.6
28,CL,2020,Chile,5303,PDC,Partido Demócrata Cristiano,Christian Democratic Party,0,1,5,5.88888888888889,3.66666666666667,7.70588235294118,6.05555555555556,2.375,5.9,5.9375,5,6,4.53846153846154,4.58333333333333,3.30769230769231,4.5,6.07142857142857,5.61538461538461,3.71428571428571,4.92857142857143,4.84615384615385,4.85714285714286,5.14285714285714,5.69230769230769,4.84615384615385,7.25,5.25,3.41666666666667,4.16666666666667,4.44444444444444,3.55555555555556,5,6.18181818181818,4.81818181818182,4.18181818181818,4.11111111111111,4.3,1.9,3.8,4.3,7.7,2.6,4.125,6.6,6.9,2.9,5.5,6.4,7,7.3,7.2
29,CL,2020,Chile,5304,PS,Partido Socialista de Chile,Socialist Party,0,1,3.11111111111111,3,3.88888888888889,7.66666666666667,3.22222222222222,5,2.9,5.6875,3.05555555555556,6.93333333333333,3.23076923076923,2.58333333333333,3.76923076923077,2.14285714285714,7.5,4.07142857142857,4.21428571428571,3.30769230769231,5.30769230769231,2.92857142857143,4.64285714285714,1.61538461538462,4.84615384615385,1.33333333333333,1.41666666666667,5.09090909090909,3.83333333333333,4.22222222222222,3.55555555555556,3.36363636363636,5.09090909090909,2.90909090909091,5.09090909090909,4.22222222222222,4.3,3.6,4.2,4.2,7.22222222222222,2.4,4.125,5.3,5.5,3.2,5.7,6.3,6.8,7.4,6.8
30,CL,2020,Chile,5305,PPD,Partido por la Democracia,Party for Democracy,0,1,3.61111111111111,3.44444444444444,3.33333333333333,7.38888888888889,3,4.875,2.7,5.375,3.5,6.86666666666667,3.30769230769231,2.66666666666667,3.61538461538462,2.64285714285714,7.07142857142857,4.07142857142857,4.35714285714286,3.46153846153846,5,3.07142857142857,4.85714285714286,1.76923076923077,4.69230769230769,1.16666666666667,1.16666666666667,4.54545454545455,3.91666666666667,4.22222222222222,3.44444444444444,3.72727272727273,4.72727272727273,3.09090909090909,4.72727272727273,4.11111111111111,4.3,3.3,4.3,4.3,7.5,2.5,4.125,6,5.9,2.7,6.1,5.8,5.2,6.7,6.2
31,CL,2020,Chile,5306,RD,Revolución Democrática,Democratic Revolution,0,1,2.27777777777778,2.22222222222222,3.44444444444444,6.72222222222222,1.16666666666667,1.5,1.8,6.5625,1.88888888888889,7.66666666666667,1.92307692307692,1.38461538461538,4,1.14285714285714,8.42857142857143,2,5.78571428571429,1.76923076923077,4.76923076923077,1.64285714285714,5.14285714285714,0.461538461538462,5.23076923076923,0.5,0.916666666666667,6.63636363636364,2.91666666666667,2.77777777777778,2.66666666666667,1.90909090909091,3.81818181818182,1.63636363636364,5.90909090909091,5.88888888888889,4.3,7.2,8.1,5.6,5.6,4,3.875,2.5,3.8,3.8,7.7,4.4,4.9,4,9.1
32,CL,2020,Chile,5307,PC,Partido Comunista de Chile,Communist Party,0,1,1.22222222222222,2,1.66666666666667,7.38888888888889,4.27777777777778,2.375,1.4,5.6875,0.944444444444444,7.76923076923077,1.76923076923077,1.69230769230769,4.30769230769231,0.428571428571429,8.57142857142857,3.07142857142857,5,1.23076923076923,5,1.14285714285714,5.07142857142857,1.53846153846154,4.46153846153846,0.0833333333333333,0.545454545454545,7.75,3.08333333333333,4,2.44444444444444,2,3.36363636363636,1.81818181818182,5.63636363636364,6.66666666666667,3.7,7.3,7.4,4.7,8.4,4.3,3.5,0.6,2.9,1.7,6.6,5.1,8.9,5.6,9.3
33,CL,2020,Chile,5308,EVOPOLI,Evolución Política,Political Evolution,0,1,7.33333333333333,3.33333333333333,3.22222222222222,8.33333333333333,5.55555555555556,2.75,3.9,6.1875,7.22222222222222,3.53333333333333,6.30769230769231,6.92307692307692,3.69230769230769,6.5,4.5,6.46153846153846,4.14285714285714,6.07692307692308,5.23076923076923,7.28571428571429,4.85714285714286,4.69230769230769,5.23076923076923,4.83333333333333,2.75,1.63636363636364,4.33333333333333,4.125,4.11111111111111,5.2,7.18181818181818,6.2,3.72727272727273,3.66666666666667,3.6,1.9,2.8,4,6.9,2,4.125,8.4,6,3.7,5.8,3.375,2.6,3.57142857142857,6.6
34,CL,2020,Chile,5309,HUM,Partido Humanista,Humanist Party,0,1,1.64705882352941,2,2.5,5.07142857142857,1.16666666666667,1.875,2.33333333333333,6.53333333333333,1.52941176470588,7.72727272727273,1.72727272727273,1.22222222222222,4.72727272727273,0.833333333333333,8.27272727272727,1.41666666666667,6.16666666666667,1.83333333333333,4.91666666666667,2,4.58333333333333,0.923076923076923,5,0.583333333333333,1.33333333333333,6.8,3.25,3.625,2.44444444444444,2.09090909090909,3.27272727272727,1.9,5.81818181818182,6,3.88888888888889,6.8,8,4.22222222222222,6.77777777777778,3.875,3.625,2.1,3.77777777777778,1.88888888888889,6.88888888888889,4.42857142857143,5.44444444444444,5,8.9
35,CL,2020,Chile,5310,PRSD,Partido Radical Socialdemócrata,Social Democratic Radical Party,0,1,3.88235294117647,3.33333333333333,2,6.9375,4.5,5.85714285714286,3.5,5.0625,4.11764705882353,5.91666666666667,3.54545454545455,3.75,3.90909090909091,3.66666666666667,6.16666666666667,4.75,3.91666666666667,4.27272727272727,4.75,3.75,4.83333333333333,3.83333333333333,4.75,1.90909090909091,1.18181818181818,4.9,3.1,4.33333333333333,2.77777777777778,3.9,4.3,4.2,4.3,4,3.3,3.2,3.8,3.8,8,2.7,3.875,6.4,5.77777777777778,2.8,4.9,5.33333333333333,5.9,5.55555555555556,6.3
36,CL,2020,Chile,5311,SP,Sebastián Piñera,Sebastián Piñera,1,1,7.16666666666667,3.875,NA,8.5,6.70588235294118,5.25,NA,5.5,7.16666666666667,3.2,7.07692307692308,8.07692307692308,5.15384615384615,7.28571428571429,4.5,7.28571428571429,2.69230769230769,6.92857142857143,5.53846153846154,7.21428571428571,5.71428571428571,6.30769230769231,3.76923076923077,7.18181818181818,4.5,1.5,4.16666666666667,5.5,3.66666666666667,7.36363636363636,7.90909090909091,7.4,3.45454545454545,3,3.6,1.7,2.1,3.5,NA,3.9,3.875,8.7,6,2.9,7.1,5.22222222222222,4.2,5.875,6
37,CO,2020,Colombia,5401,PLC,Partido Liberal Colombiano,Colombian Liberal Party,0,1,6.28571428571429,5,5.66666666666667,6.57142857142857,5.07142857142857,7.14285714285714,5.85714285714286,3.78571428571429,5.92857142857143,4.81818181818182,5.46153846153846,4.61538461538461,3.33333333333333,4.61538461538461,5.16666666666667,6.15384615384615,4.61538461538461,4.33333333333333,5,5.07692307692308,4.41666666666667,4.30769230769231,5.08333333333333,4.69230769230769,4.66666666666667,4,3.63636363636364,2.69230769230769,4.16666666666667,5,6.09090909090909,3.6,4.3,4.1,4.22222222222222,4.1,3,5.1,8.6,3.2,6.2,5.33333333333333,5.5,2.3,4.6,7.2,6.9,8,5.5
38,CO,2020,Colombia,5402,CD,Partido Centro Democrático,Democratic Center Party,0,1,9.07142857142857,2.2,2.66666666666667,7.85714285714286,9.42857142857143,1.14285714285714,2.57142857142857,6.64285714285714,9.21428571428571,1.92307692307692,8.57142857142857,5.41666666666667,4.66666666666667,8.69230769230769,5.33333333333333,8.53846153846154,1.84615384615385,7.91666666666667,3.33333333333333,8.38461538461539,7.07692307692308,9.38461538461539,6.08333333333333,8.92307692307692,8.41666666666667,3.15384615384615,5.81818181818182,5.25,3.91666666666667,9.36363636363636,9.36363636363636,7.7,3.5,3.3,5.3,6.1,4.6,4.7,8.8,7.6,5.8,3.66666666666667,0.6,2.1,9.6,7.7,8.1,7,9
39,CO,2020,Colombia,5403,RCP,Partido Cambio Radical,Radical Change Party,0,1,7.57142857142857,4.2,3.88888888888889,7.15384615384615,7.5,5.28571428571429,4.16666666666667,3.84615384615385,7.64285714285714,3.16666666666667,7.07692307692308,5.58333333333333,4.45454545454545,7.61538461538461,3.81818181818182,8.38461538461539,1.84615384615385,7.16666666666667,3.16666666666667,7.46153846153846,6.07692307692308,8.53846153846154,5.08333333333333,7,6.33333333333333,3.5,4.18181818181818,4.16666666666667,4.54545454545455,8.27272727272727,8.3,6.3,3.1,3.66666666666667,4.7,3.7,2.8,3.9,9.5,5.7,4.5,5.88888888888889,4.2,1.3,7.2,9,5.4,8.4,4.6
40,CO,2020,Colombia,5404,U,Partido Social de Unidad Nacional,Social Party of National Unity,0,1,6.63636363636364,6,5.5,6.33333333333333,6.18181818181818,6.16666666666667,5.2,3.75,6.5,3.3,6,5.11111111111111,3.4,5.66666666666667,4.63636363636364,6.83333333333333,2.75,6.45454545454545,3.63636363636364,6.5,4.83333333333333,6.75,5.09090909090909,5.91666666666667,5.63636363636364,3.66666666666667,3.7,3.18181818181818,4.72727272727273,6.4,6.8,5.11111111111111,3.55555555555556,3.44444444444444,4.66666666666667,3.77777777777778,2.77777777777778,5.44444444444444,8.77777777777778,3.88888888888889,5.22222222222222,5.5,5.66666666666667,2.33333333333333,4.55555555555556,7.44444444444444,3.66666666666667,7.55555555555556,4.33333333333333
41,CO,2020,Colombia,5405,PCC,Partido Conservador Colombiano,Colombian Conservative Party,0,1,8.42857142857143,4.4,3.44444444444444,6.64285714285714,9.28571428571429,2.71428571428571,3,5.92857142857143,8.42857142857143,2.58333333333333,7.69230769230769,5.45454545454545,4.18181818181818,7.61538461538461,4.75,8,1.92307692307692,7.33333333333333,3.16666666666667,7.69230769230769,6,9.07692307692308,5.83333333333333,8.92307692307692,8.08333333333333,3.38461538461538,4.36363636363636,5.63636363636364,4,8.54545454545454,8.54545454545454,6.4,3.4,3.5,4.8,3.7,2.4,4.8,9,5,4.3,4.66666666666667,4.7,2.1,4.7,7.8,7.7,8.3,6.9
42,CO,2020,Colombia,5406,AV,Partido Alianza Verde,Green Alliance Party,0,1,5.07142857142857,4.4,3.22222222222222,6.28571428571429,2.07142857142857,3,3.71428571428571,7.35714285714286,3.85714285714286,7.46153846153846,3.64285714285714,3.30769230769231,3.83333333333333,3.76923076923077,5.76923076923077,3,7.38461538461539,3.41666666666667,5.5,4.23076923076923,5.07692307692308,1.07692307692308,8.16666666666667,1.38461538461538,3.58333333333333,5.23076923076923,3.54545454545455,2.08333333333333,4.75,3,5.54545454545455,1.5,5.9,4.8,5.3,6.9,6.6,8.5,5.5,2.1,7.3,6.66666666666667,6.9,6.9,5.9,3.6,5.4,3.8,7.4
43,CO,2020,Colombia,5407,MIRA,Partido Político MIRA,MIRA PARTY,0,1,8.21428571428571,6,2,5,9.42857142857143,1.85714285714286,1,7.64285714285714,9.07142857142857,3.71428571428571,8,6.375,4.1,7.55555555555556,4,7.33333333333333,1.77777777777778,6.36363636363636,3,7.2,5,9.61538461538461,6.16666666666667,9.92307692307692,9.5,4.57142857142857,3.57142857142857,6.375,3.7,7.5,8.25,6.14285714285714,4.28571428571429,4,3.5,3.7,2.88888888888889,6.5,9.5,5.55555555555556,5.42857142857143,5.42857142857143,4.77777777777778,3.55555555555556,6.1,5.8,8.4,5.88888888888889,7.8
44,CO,2020,Colombia,5408,PDA,Partido Polo Democrático Alternativo,Alternative Democratic Pole,0,1,2.78571428571429,1.8,3.33333333333333,7,2.71428571428571,2.57142857142857,2.42857142857143,6.78571428571429,2.35714285714286,8.16666666666667,2.28571428571429,3.15384615384615,4.16666666666667,1.69230769230769,6.46153846153846,3,6.84615384615385,2.72727272727273,6.25,1.84615384615385,4.5,1.61538461538462,7.66666666666667,1.07692307692308,3.16666666666667,7.76923076923077,4.45454545454545,2.27272727272727,4.75,1.54545454545455,4.72727272727273,1.44444444444444,6.2,6.44444444444444,5.4,7.2,7.9,8.3,6.2,3.1,7.4,3.55555555555556,4,7,6,3.5,6.6,4.4,9
45,CO,2020,Colombia,5409,POC,Partido Opción Ciudadana,Citizen Option,0,1,8.09090909090909,7.66666666666667,2.33333333333333,4.5,9,6.5,3.75,3.83333333333333,8.66666666666667,3,8.125,6.57142857142857,4.42857142857143,7.77777777777778,3.66666666666667,8.11111111111111,1,7.5,1.5,8.28571428571429,6.6,8.72727272727273,2.5,8.4,8,5,3.42857142857143,3.77777777777778,4.125,9,8.11111111111111,6.5,3.5,4.75,2.85714285714286,3.66666666666667,1.8,2.28571428571429,9.71428571428571,7,4.8,3.66666666666667,1.8,0.714285714285714,8,8.57142857142857,3.875,7.66666666666667,3.875
46,CO,2020,Colombia,5410,DEC,Lista de la Decencia,Decency List,0,1,3.07142857142857,1.2,1.625,7.15384615384615,2.30769230769231,0.857142857142857,1.16666666666667,7.15384615384615,2.38461538461538,9,2.76923076923077,3.5,3.7,1.84615384615385,6.83333333333333,2.09090909090909,8.36363636363636,2.18181818181818,6.81818181818182,1.25,4.3,1.61538461538462,8.88888888888889,1.69230769230769,3.6,7.33333333333333,4,2.72727272727273,4.54545454545455,2,4.77777777777778,1.88888888888889,7.5,5.22222222222222,5.66666666666667,8,9.55555555555556,9,7.33333333333333,3,6.66666666666667,4.125,2.55555555555556,7.2,8.7,2.33333333333333,5.625,2.66666666666667,9.44444444444444
47,CO,2020,Colombia,5411,CJL,Colombia Justa Libres,Colombia Just and Free,0,1,7.77777777777778,7.33333333333333,3.66666666666667,4,9.18181818181818,2,1,6,9.2,3,8,6.16666666666667,3.57142857142857,8.11111111111111,2.8,7.66666666666667,2,7.66666666666667,2,7.85714285714286,4.66666666666667,9.88888888888889,6.22222222222222,9.77777777777778,9.75,4.5,2,4.5,4.5,8.55555555555556,8.16666666666667,6.2,5,2.5,2.4,4.5,3.2,3.8,9.5,6,4.33333333333333,6.5,3.28571428571429,3,5.375,5.16666666666667,7,4.71428571428571,6.125
48,CO,2020,Colombia,5412,ID,Iván Duque,Iván Duque,1,1,8.5,4,NA,7.64285714285714,8.42857142857143,2.42857142857143,NA,5.71428571428571,8.42857142857143,2.58333333333333,8.71428571428571,4.41666666666667,4.5,8,4.72727272727273,8.30769230769231,2.23076923076923,7.58333333333333,3.33333333333333,8,7.08333333333333,8.30769230769231,5.5,8.61538461538461,8,2.58333333333333,6,5.5,3.75,8.27272727272727,8.36363636363636,6.2,3.3,3.2,6.6,4,2.5,5.6,NA,5.5,6,5.55555555555556,4.5,3.1,6.9,6.44444444444444,7.11111111111111,7,7.1
49,CR,2020,Costa Rica,5501,PLN,Partido Liberación Nacional,National Liberation Party,0,1,6.88888888888889,4.5,4.6,8.77777777777778,5.88888888888889,5.16666666666667,4,4.44444444444444,7.11111111111111,4.22222222222222,2.375,5.44444444444444,6.11111111111111,6.11111111111111,4.875,6.55555555555556,3.88888888888889,6.75,6.75,7.625,7.25,5.625,4.625,5.5,5,4.125,7.625,4.83333333333333,4,6.875,7.125,5.28571428571429,3,1.85714285714286,8.16666666666667,2.375,3.625,6.5,9.125,2.5,8,7.75,4.875,2.875,8.125,7.375,9.625,7.25,6.75
50,CR,2020,Costa Rica,5502,PRN,Partido Restauración Nacional,National Restoration Party,0,1,7.66666666666667,3.75,5.2,6.22222222222222,9.77777777777778,0.666666666666667,2,7.44444444444444,8.33333333333333,3,1.57142857142857,7.44444444444444,6.88888888888889,6.33333333333333,4.14285714285714,7.85714285714286,2.42857142857143,7.57142857142857,5.71428571428571,7.125,6.42857142857143,10,5.5,10,10,4.71428571428571,6.28571428571429,4.83333333333333,3.33333333333333,8.25,7,6.5,2.14285714285714,4.83333333333333,5,3.75,6.75,7.25,9.71428571428571,5.71428571428571,6.71428571428571,3.125,1.75,2.5,9.625,8.75,5.71428571428571,8.28571428571429,7.625
51,CR,2020,Costa Rica,5503,PAC,Partido Acción Ciudadana,Citizens' Action Party,0,1,5,5.25,5.8,8.22222222222222,2.55555555555556,3.66666666666667,2,7.88888888888889,5.22222222222222,6.88888888888889,5,4.55555555555556,6.66666666666667,3.77777777777778,6.875,3.55555555555556,7,4.25,7.375,4.875,5.625,1.75,8.375,2.75,3,6.125,7.25,4.83333333333333,4.42857142857143,4.125,6.875,2.42857142857143,4.875,2,8.5,3.5,4.25,7,7.625,2.5,7.42857142857143,7.625,5.5,4.25,7.25,5,5.875,5.25,7.125
52,CR,2020,Costa Rica,5504,PUSC,Partido Unidad Social Cristiana,Social Christian Unity Party,0,1,8.33333333333333,2.5,2.2,9.33333333333333,8.55555555555556,2.5,2,5.88888888888889,8.44444444444444,2.25,2.25,6.88888888888889,7.5,7.66666666666667,4.75,8.11111111111111,3,7.5,6.125,8.25,8.25,8.42857142857143,5.75,8.25,8.25,3.625,7.375,4.2,3.33333333333333,7.75,6.875,5.42857142857143,2.75,2,7.16666666666667,2,4.125,6.875,9,2.875,7.57142857142857,7.14285714285714,3.75,3.125,7.875,7,8.75,6.75,6.875
53,CR,2020,Costa Rica,5505,PIN,Partido Integración Nacional,National Integration Party,0,1,7.57142857142857,3.66666666666667,4.33333333333333,5.83333333333333,8.28571428571429,3.4,5,5.33333333333333,8,2.6,1.6,7.16666666666667,6.2,7,4.5,7.75,1.5,9,6,7.8,6.8,8.25,5.75,7.25,6.25,5.66666666666667,6,5.5,2,9,6.6,5.5,1.4,3.33333333333333,6.5,1.75,6.4,6.6,9.25,5.4,6.83333333333333,3.75,2.6,1.2,9.42857142857143,8,3.28571428571429,5.6,6.14285714285714
54,CR,2020,Costa Rica,5506,PRSC,Partido Republicano Social Cristiano,Social Christian Republican Party,0,1,8.125,1.66666666666667,3.5,6.33333333333333,8.75,2,1.33333333333333,4.85714285714286,8.375,2.33333333333333,1.33333333333333,7.5,7.16666666666667,7.66666666666667,4.8,8.25,1.75,7.6,5.83333333333333,8.6,8.5,8.66666666666667,5.8,8.66666666666667,8.66666666666667,3.8,6.5,6,2,8.16666666666667,6.75,5,2.5,3.33333333333333,6.5,1.33333333333333,4.66666666666667,5,8.66666666666667,5.5,7,4,2.875,2.5,9.375,8,5.85714285714286,5.8,6.33333333333333
55,CR,2020,Costa Rica,5507,FA,Frente Amplio,Broad Front,0,1,2.55555555555556,1.75,1.6,7.11111111111111,1.11111111111111,0.5,0,7.66666666666667,2.55555555555556,8,2,1.33333333333333,7.875,0.444444444444444,9.125,1.11111111111111,8.77777777777778,2.875,8.25,0.75,4.25,0.25,9.125,0.625,1.5,8.125,7.625,3.6,4.33333333333333,2.5,4.85714285714286,0.571428571428571,6.75,5.66666666666667,4.83333333333333,7.75,7.875,8.375,6.5,1,8.28571428571429,5,4,5.5,7.625,3.42857142857143,5.375,4.25,9
56,CR,2020,Costa Rica,5508,ML,Movimiento Libertario,Libertarian Party,0,1,9.33333333333333,0.666666666666667,0.75,8.8,7.66666666666667,5,0,2.33333333333333,9.44444444444444,1,0.4,8.8,7.33333333333333,8.85714285714286,2.4,9.625,0.5,8.71428571428571,2.75,10,10,7.6,4.25,6.2,6.66666666666667,1.71428571428571,8.6,3,1.5,10,6,5,0.75,2.33333333333333,6.5,0.75,3.8,2.75,10,8,5.5,5.4,1.16666666666667,3,9.14285714285714,9.66666666666667,6.5,6.33333333333333,8.875
57,CR,2020,Costa Rica,5509,CAQ,Carlos Alvaro Quesada,Carlos Alvaro Quesada,1,1,6.33333333333333,7.5,NA,8.44444444444444,2.88888888888889,3.83333333333333,NA,6.88888888888889,6.22222222222222,6.11111111111111,5.375,4.88888888888889,7.22222222222222,4.33333333333333,5.625,4.44444444444444,6.77777777777778,4.125,7.625,5.875,6.75,2.5,7.625,3.25,5.5,5.5,7.375,5,3.85714285714286,5.375,6.125,2.85714285714286,5.625,1.71428571428571,9.16666666666667,2.375,3.875,6.125,NA,3.5,6.71428571428571,6.875,5.625,3.875,7.5,4.28571428571429,3.16666666666667,4.71428571428571,6.75
58,EC,2020,Ecuador,5601,PAIS,Movimiento Alianza País Patria Altiva I Soberana,PAIS Alliance ,0,1,4.07692307692308,4,6.28571428571429,7.61538461538461,5,4.16666666666667,5.8,4,4.07692307692308,6,6.1,5.09090909090909,3.6,3.83333333333333,6,5.3,3,4.83333333333333,5.7,4.63636363636364,5.55555555555556,5,3.36363636363636,5.27272727272727,3.72727272727273,5.45454545454545,6.33333333333333,5.9,2.88888888888889,4.7,5.1,3.72727272727273,3.3,4.7,5.66666666666667,4.88888888888889,3.75,6.8,7.9,4.4,4.85714285714286,4.22222222222222,3.1,4,5,6.3,4.2,6.75,3.88888888888889
59,EC,2020,Ecuador,5602,CREO,Movimiento CREO,CREO Movement,0,1,8,1.75,2.625,8.61538461538461,7.23076923076923,3.28571428571429,4.4,5,7.61538461538461,4,5.9,6.9,3.66666666666667,7.83333333333333,6,8,2,8.25,5.8,8.54545454545454,8.1,8.08333333333333,4.27272727272727,7.08333333333333,5.90909090909091,2.08333333333333,8.1,4.7,2.9,7.6,6.9,5.9,1.55555555555556,3.36363636363636,6.3,2.9,1.55555555555556,7.8,9.4,3.6,4.85714285714286,5.44444444444444,4.1,4.9,7.8,6.1,4.3,6.77777777777778,6
60,EC,2020,Ecuador,5603,SUMA,Movimiento Sociedad Unida Más Acción,United Society More Action Party,0,1,7.2,1,3.6,7.42857142857143,6.5,3.28571428571429,4.33333333333333,5.625,7,4,6.33333333333333,6,2.83333333333333,7,5.83333333333333,6.5,3.4,7.11111111111111,5.28571428571429,8.22222222222222,8,6.88888888888889,3.57142857142857,6.5,5.33333333333333,2.66666666666667,7,4.85714285714286,3,6.57142857142857,6,6,1.8,3.85714285714286,5.71428571428571,3,2.4,7,8.42857142857143,3.71428571428571,4.75,5.16666666666667,5,4.25,5.14285714285714,5.16666666666667,2.16666666666667,4.6,5.4
61,EC,2020,Ecuador,5604,PSC,Partido Social Cristiano,Social Christian Party,0,1,7.61538461538461,3.75,2.25,7.84615384615385,7.15384615384615,3.71428571428571,3.8,5.53846153846154,7.53846153846154,3.91666666666667,4.6,6.7,4.11111111111111,7.16666666666667,6.72727272727273,7.5,2.3,8,6.6,8.09090909090909,7.8,8.08333333333333,4.81818181818182,7.5,6.81818181818182,2.66666666666667,7.5,3.6,5.1,7.72727272727273,7.1,6,1.33333333333333,3.72727272727273,5.9,2.4,1.33333333333333,6.8,9.3,4.4,4.42857142857143,4.55555555555556,3.1,3.8,8.6,6.8,7,7.55555555555556,6.1
62,EC,2020,Ecuador,5605,FE,Fuerza Ecuador,Force Ecuador,0,1,6.33333333333333,5.25,3.6,6.375,7.72727272727273,5.8,2.75,5.25,6.11111111111111,4.6,4.75,6.66666666666667,4.42857142857143,6.25,4.5,6.85714285714286,2.71428571428571,5.75,6,7,5.42857142857143,7.44444444444444,4.85714285714286,7.44444444444444,6.55555555555556,4,5.5,5.85714285714286,2.85714285714286,7.625,7,6.125,2.42857142857143,3.85714285714286,4,4,5.83333333333333,3.16666666666667,9.625,7.33333333333333,4,1.57142857142857,1.28571428571429,2.42857142857143,9.57142857142857,7.57142857142857,5.42857142857143,8.57142857142857,1.42857142857143
63,EC,2020,Ecuador,5606,ID,Izquierda Democrática,Democratic Left,0,1,3.76923076923077,3.25,3,7.77777777777778,4,4.33333333333333,4.4,4.18181818181818,4,6.11111111111111,4.44444444444444,4.11111111111111,3.66666666666667,3.6,5.77777777777778,4.44444444444444,3.88888888888889,3.88888888888889,5.25,4.11111111111111,5.11111111111111,3.1,4.66666666666667,2.9,2.44444444444444,6.375,5,4.88888888888889,3,2.75,5.125,3.22222222222222,4.25,5.55555555555556,4.625,5.22222222222222,3.875,7.57142857142857,7,2.5,4.5,6.77777777777778,6.875,4.42857142857143,3.25,4.125,5.88888888888889,3.75,7.55555555555556
64,EC,2020,Ecuador,5607,PSP,Partido Sociedad Patriotica 21 de Enero,Patriotic Society Party ,0,1,6.16666666666667,6,3.66666666666667,5.66666666666667,6.45454545454545,5.83333333333333,2.8,4.2,6.1,5,4.66666666666667,5.83333333333333,2.66666666666667,5.375,3.66666666666667,5.8,3,5.875,5,6.625,5.14285714285714,6.66666666666667,3.71428571428571,6.28571428571429,5,4.33333333333333,5,5.33333333333333,3.8,7.3,6.75,5.75,4,3.88888888888889,4.5,3.71428571428571,6.33333333333333,4.66666666666667,9.125,6.25,3.5,2.14285714285714,2.5,2,8.125,7.28571428571429,5.11111111111111,7.375,1.57142857142857
65,EC,2020,Ecuador,5608,MUPP,Movimiento de Unidad Plurinacional Pachakutik,Pachakutik Plurinational Unity Movement,0,1,2.30769230769231,1.25,3.75,7.61538461538461,4.33333333333333,3.66666666666667,3.6,6.16666666666667,2.38461538461538,6.375,3,3.5,3,2.33333333333333,7.72727272727273,1.90909090909091,8.36363636363636,2.45454545454545,6.7,1.90909090909091,5.1,4.54545454545455,3.9,5.3,3.55555555555556,8.16666666666667,7.1,3.4,5.9,3.2,4.33333333333333,0,9.9,7,3,8.2,7.66666666666667,7.11111111111111,5.5,4,5.16666666666667,4.11111111111111,3.4,4.625,3.6,5.6,6.6,5.11111111111111,7.4
66,EC,2020,Ecuador,5609,AVANZA,Partido Avanza,Advance Party,0,1,6.44444444444444,5,2.5,6,4.33333333333333,3.8,4,5.2,5.88888888888889,6.75,4.66666666666667,5.5,2.8,5.75,5.8,5.2,4.6,4.14285714285714,5,6.57142857142857,6.85714285714286,6.375,3.57142857142857,6.57142857142857,5.71428571428571,4.125,5.6,3.85714285714286,2.5,5.71428571428571,5.6,4.85714285714286,3.4,4.16666666666667,5.6,5,4.33333333333333,5.2,8.875,4.5,4,4.6,4,3.6,6,5.5,2,5,5
67,EC,2020,Ecuador,5610,FCS,Fuerza Compromiso Social,Force Social Commitment,0,1,3.6,5,3.16666666666667,7.9,6.2,4.16666666666667,2.25,5.5,4.1,6.875,3.14285714285714,3.875,3.57142857142857,3.33333333333333,6.5,5.55555555555556,4.22222222222222,4.8,5.88888888888889,3.55555555555556,5.77777777777778,6.3,3.66666666666667,5.8,4.44444444444444,6.88888888888889,6.5,6.5,2.71428571428571,4.625,4.57142857142857,4,3.28571428571429,6.71428571428571,4.14285714285714,6,7.85714285714286,4.57142857142857,9.625,8.85714285714286,5,1,0.625,3.16666666666667,8.625,9.42857142857143,4,8.57142857142857,6
68,EC,2020,Ecuador,5611,LM,Lenín Moreno,Lenín Moreno,1,1,6,3.75,NA,8.30769230769231,5.69230769230769,4.28571428571429,NA,4.76923076923077,5.69230769230769,5.66666666666667,6.90909090909091,5.83333333333333,4.58333333333333,5.25,5.58333333333333,6.36363636363636,3.27272727272727,5.41666666666667,6,6.5,7.09090909090909,5.66666666666667,4.25,5.91666666666667,5.45454545454545,4.25,6.8,6,3.4,6.09090909090909,6.36363636363636,4.09090909090909,3.4,3.45454545454545,7,4.4,2.33333333333333,8.3,NA,3.55555555555556,6,5.55555555555556,5.9,5.3,5.2,5.9,3.75,6,4.77777777777778
69,MX,2020,Mexico,5701,MORENA,Movimiento Regeneración Nacional,National Regeneration Movement ,0,1,2.94736842105263,4.81818181818182,5.125,6.78947368421053,5.94736842105263,4.5,6,6.21052631578947,2.94736842105263,3.44444444444444,8.22222222222222,6.47058823529412,3.41176470588235,1.82352941176471,7.58823529411765,7.4375,2.47058823529412,4.66666666666667,6.07142857142857,2.06666666666667,5.2,4.93333333333333,4.26666666666667,4.4,5.53333333333333,6.46666666666667,6.53333333333333,6.73333333333333,4.93333333333333,3.93333333333333,7,2.86666666666667,3.86666666666667,5.26666666666667,3.07142857142857,7.35714285714286,8.78571428571429,7.92857142857143,7.85714285714286,7.5,6.53846153846154,2.28571428571429,1.85714285714286,1.07142857142857,8.42857142857143,8.57142857142857,5.5,8.71428571428571,7.07142857142857
70,MX,2020,Mexico,5702,PAN,Partido Acción Nacional,National Action Party,0,1,7.52631578947368,3.36363636363636,1.875,7.88888888888889,7.89473684210526,2.8,2.33333333333333,6.42105263157895,7.94736842105263,4.8125,1.05882352941176,5.07142857142857,2.92857142857143,7.29411764705882,5.3125,6.1875,3.75,5.92307692307692,6.07142857142857,7.6,6.8,8.06666666666667,4.8,7.26666666666667,6.46666666666667,1.86666666666667,7.46666666666667,3,7.14285714285714,7.66666666666667,8.33333333333333,5.78571428571429,2.13333333333333,3.33333333333333,4.78571428571429,1.5,3.71428571428571,5.28571428571429,7.64285714285714,1.85714285714286,7.84615384615385,7.42857142857143,3.85714285714286,4.23076923076923,2.71428571428571,4.71428571428571,7.42857142857143,6.07142857142857,7
71,MX,2020,Mexico,5703,PRI,Partido Revolucionario Institucional,Institutional Revolutionary Party,0,1,5.89473684210526,4.90909090909091,3.5,6.55555555555556,5.84210526315789,5.33333333333333,3.33333333333333,4.63157894736842,5.36842105263158,5.30769230769231,1.8125,4.38461538461539,3,5.88235294117647,5.375,6,3.5625,5.76923076923077,5.78571428571429,6.42857142857143,6.21428571428571,4.93333333333333,4.8,3.53333333333333,3.78571428571429,2.53333333333333,6.86666666666667,3.42857142857143,6.14285714285714,7,7.93333333333333,4.8,2.6,3.35714285714286,4.71428571428571,2.35714285714286,3.92857142857143,3.71428571428571,7.71428571428571,2.28571428571429,7.07692307692308,5.71428571428571,4.57142857142857,2.92307692307692,3.5,7.28571428571429,8,8,5.71428571428571
72,MX,2020,Mexico,5704,PRD,Partido de la Revolución Democrática,Party of the Democratic Revolution ,0,1,3.36842105263158,3.3,3.625,6.27777777777778,3.47368421052632,3,3.33333333333333,5.66666666666667,3.36842105263158,6.2,1.29411764705882,3.53846153846154,3.42857142857143,3.82352941176471,6.3125,5,4.53333333333333,4.84615384615385,6,4.42857142857143,5.14285714285714,2.6,5.8,2,4.35714285714286,4.8,6.35714285714286,3.91666666666667,6.28571428571429,3.64285714285714,7,3.46666666666667,3.33333333333333,3.69230769230769,3.5,4.61538461538461,4.5,5.21428571428571,6.64285714285714,2.07142857142857,7.75,5.78571428571429,4.28571428571429,3.30769230769231,3.57142857142857,6.64285714285714,6.92857142857143,7.57142857142857,6.57142857142857
73,MX,2020,Mexico,5705,PVE,Partido Verde Ecologista de México,Ecologist Green Party of Mexico,0,1,6.6875,7.72727272727273,2.6,4,6.8125,6.1,3.5,3.11764705882353,6.375,3.27272727272727,5.92307692307692,6.22222222222222,3.33333333333333,6.18181818181818,5.09090909090909,7.35714285714286,3.0625,5.2,4.75,5.8,3.58333333333333,6.5,4,5.27272727272727,3.27272727272727,3.5,4.41666666666667,5.83333333333333,3.5,7.5,5.81818181818182,5.45454545454545,2,4.3,2.90909090909091,3.4,3.33333333333333,2.64285714285714,8.84615384615385,6.07692307692308,4.5,5.18181818181818,3.75,1.76923076923077,4.76923076923077,7.42857142857143,3.07142857142857,8.16666666666667,3
74,MX,2020,Mexico,5706,MC,Movimiento Ciudadano,Citizens' Movement,0,1,4.35294117647059,5.09090909090909,3.14285714285714,5.70588235294118,3.5,3.5,2.85714285714286,4.88235294117647,3.94444444444444,6.42857142857143,1.6,3.5,4.08333333333333,4.6,6,4.27272727272727,4.27272727272727,4.25,6.11111111111111,4.90909090909091,5.36363636363636,2.30769230769231,5.92307692307692,3.08333333333333,3.91666666666667,3.91666666666667,6,3.36363636363636,6.36363636363636,5.5,7.23076923076923,3.07692307692308,2.76923076923077,3.3,4.2,4.41666666666667,4.64285714285714,5.85714285714286,7.14285714285714,2.14285714285714,7.41666666666667,6.84615384615385,5.14285714285714,4.07142857142857,5.21428571428571,4.85714285714286,4.07142857142857,5.92307692307692,5.64285714285714
75,MX,2020,Mexico,5707,PDT,Partido del Trabajo,Labor Party,0,1,2.44444444444444,4.09090909090909,3.42857142857143,5.0625,5.88888888888889,5.33333333333333,2.85714285714286,3.23529411764706,2.83333333333333,3.9,6.84615384615385,5.88888888888889,3.08333333333333,2.78571428571429,6.83333333333333,7.16666666666667,2.33333333333333,4.1,4.88888888888889,2.36363636363636,4.27272727272727,3.75,4,2,3.63636363636364,7.25,5.25,5.90909090909091,3.45454545454545,5.22222222222222,5.36363636363636,3.3,2.25,5.8,1.8,7.36363636363636,6.25,6,8.61538461538461,6.69230769230769,5.36363636363636,3.53846153846154,2.69230769230769,1.53846153846154,6.5,7.42857142857143,4.07142857142857,7.69230769230769,6.5
76,MX,2020,Mexico,5708,PES,Partido Encuentro Social,Social Encounter Party ,0,1,7.64285714285714,8.7,3.83333333333333,3.26666666666667,9.22222222222222,3.77777777777778,2.25,5.8,8.38888888888889,4.25,7.4,6.57142857142857,2.44444444444444,6,4.375,7,2.33333333333333,5,5,5,3.5,9.46153846153846,6,9.57142857142857,9.38461538461539,4.75,3.28571428571429,5.66666666666667,4.1,8,5.77777777777778,6,2.08333333333333,5.4,1.28571428571429,5.88888888888889,5,5.58333333333333,8.85714285714286,7.6,4.36363636363636,2.72727272727273,2.81818181818182,1.09090909090909,7.08333333333333,6.54545454545455,2.76923076923077,7.55555555555556,6.64285714285714
77,MX,2020,Mexico,5709,AMLO,Andrés Manuel López Obrador,Andrés Manuel López Obrador,1,1,3.52631578947368,3.81818181818182,NA,6.84210526315789,8.27777777777778,3,NA,6.72222222222222,4.63157894736842,2.55555555555556,8.66666666666667,7.70588235294118,4.52941176470588,1.94117647058824,7.88235294117647,8.05882352941176,2.70588235294118,4.83333333333333,7,1.86666666666667,5.33333333333333,7.4,4.4,7.86666666666667,7.93333333333333,6,6.86666666666667,7.66666666666667,5.73333333333333,4.93333333333333,6.66666666666667,4.13333333333333,3.4,6.06666666666667,2.85714285714286,8.21428571428571,9.14285714285714,8.42857142857143,NA,8.14285714285714,6,0.857142857142857,1.07142857142857,0.857142857142857,9,8.78571428571429,5.78571428571429,9.07142857142857,6.71428571428571
78,PY,2020,Paraguay,5801,ANR,Partido Colorado,Colorado Party,0,1,7.18181818181818,3.83333333333333,6,8.36363636363636,9.54545454545454,2.875,3.66666666666667,5.54545454545455,7.54545454545455,8,5.44444444444444,6.75,3,7,4,8.5,1.63636363636364,7.66666666666667,6.125,7.44444444444444,3.42857142857143,9.7,1.625,9.3,8.33333333333333,2.77777777777778,5.16666666666667,6.42857142857143,1.71428571428571,8.11111111111111,5.11111111111111,7.66666666666667,1,2.77777777777778,4.71428571428571,1.55555555555556,0.666666666666667,3.33333333333333,8.44444444444444,4.55555555555556,3.57142857142857,2.55555555555556,3,2.22222222222222,6.11111111111111,9.55555555555556,9.66666666666667,9.66666666666667,4.55555555555556
79,PY,2020,Paraguay,5802,PLRA,Partido Liberal Radical Auténtico,Authentic Radical Liberal Party,0,1,6.36363636363636,4.66666666666667,7.8,7.54545454545455,8,3.75,5.66666666666667,5.81818181818182,6.36363636363636,7.8,2.75,5.5,2.11111111111111,5.81818181818182,5,6.7,2.5,6.33333333333333,6.71428571428571,5.875,4.14285714285714,8.3,2.5,7,6.22222222222222,2.66666666666667,5,4.85714285714286,2,6.55555555555556,4.75,6.66666666666667,1.42857142857143,2.66666666666667,4,2.66666666666667,2,5.33333333333333,7.88888888888889,2.88888888888889,4.28571428571429,5.22222222222222,3.55555555555556,3.44444444444444,6.11111111111111,8.44444444444444,8.88888888888889,8.66666666666667,5.11111111111111
80,PY,2020,Paraguay,5803,FG,Concertación Nacional Frente Guasú,Guasú Front,0,1,3.18181818181818,1.6,2,8.4,4.2,2.14285714285714,4,7.9,3.54545454545455,8.22222222222222,2.75,3.42857142857143,2.25,1.5,8.5,1.7,6.44444444444444,1.25,8.66666666666667,2.25,5.66666666666667,4.22222222222222,4.57142857142857,4.22222222222222,5,7.75,4.8,5.33333333333333,1.66666666666667,2,4.85714285714286,2.375,2.66666666666667,3.25,3.83333333333333,5.75,4.25,7.5,6.75,2.125,3.83333333333333,4.5,5.5,6.125,7.125,5.625,3.625,4.375,7.625
81,PY,2020,Paraguay,5804,PPQ,Partido Patria Querida,Beloved Fatherland Party,0,1,8.45454545454546,1.8,1.2,8.72727272727273,9.45454545454546,2.75,2.33333333333333,6.63636363636364,8.36363636363636,5.1,3.42857142857143,6.57142857142857,3.22222222222222,8.45454545454546,3.66666666666667,8.90909090909091,1.9,8.22222222222222,6.42857142857143,8.44444444444444,4.57142857142857,9.3,2.125,8.5,7.25,1.66666666666667,5.83333333333333,5.5,1.85714285714286,8.22222222222222,5,7.11111111111111,0.714285714285714,2.66666666666667,5,2,1.5,6,8.5,3,3.85714285714286,6.11111111111111,5.33333333333333,7.11111111111111,4.77777777777778,3.55555555555556,3,3.66666666666667,8.11111111111111
82,PY,2020,Paraguay,5805,PH,Partido Hagamos,Let's Do Party,0,1,7.57142857142857,2.25,1.33333333333333,7,8.85714285714286,4.75,1.5,6.33333333333333,7.625,6,4.2,5.8,1.66666666666667,8.42857142857143,4.8,8.33333333333333,1.75,8.33333333333333,6,8.16666666666667,3.33333333333333,8.71428571428571,1.85714285714286,8.25,5.6,1.6,6.5,5.6,1.33333333333333,8.28571428571429,5.83333333333333,7,0.5,1.4,4.5,2.16666666666667,2.16666666666667,5.66666666666667,9.8,4.4,3.16666666666667,6,4.5,5.71428571428571,6.625,3.28571428571429,1.85714285714286,3,4.5
83,PY,2020,Paraguay,5806,PEN,Partido Encuentro Nacional,National Encounter Party,0,1,5.1,3.25,1.5,6.125,7.57142857142857,2.8,3,5.57142857142857,5.8,7.83333333333333,2.8,4.8,1.66666666666667,5.375,6.16666666666667,6.66666666666667,2.71428571428571,5.16666666666667,7.4,5.66666666666667,3.4,6.75,2.66666666666667,6,5.5,5,4.6,5.33333333333333,2,5.57142857142857,5.83333333333333,5.5,1,1.8,4.25,2.5,2.16666666666667,7,8.83333333333333,4,3.83333333333333,5.42857142857143,4.875,6.85714285714286,5.25,3.71428571428571,2.71428571428571,3.28571428571429,5
84,PY,2020,Paraguay,5807,MCN,Movimiento Cruzada Nacional,National Crusade Movement,0,1,6,2,1,6.6,9,2.75,2,7.4,7.66666666666667,4.5,3.33333333333333,6.25,1.4,5,4,5.5,3.25,6.66666666666667,5.66666666666667,4.5,2.66666666666667,9.6,0.666666666666667,8,5,5.5,5.5,4.5,1.33333333333333,9.75,7.33333333333333,5.66666666666667,0.666666666666667,3,3,6.5,5.66666666666667,8.75,9.8,8,1,2.16666666666667,0.833333333333333,8,8.2,2.66666666666667,3,2.5,8.4
85,PY,2020,Paraguay,5808,PDP,Partido Democrático Progresista,Progressive Democratic Party,0,1,3.875,2.5,0.666666666666667,8.125,5,2.83333333333333,3,6.75,4,7.5,2,3.25,0.8,1.875,8.16666666666667,1.83333333333333,6.2,1.71428571428571,8.5,2.33333333333333,4.25,4.33333333333333,3,3.66666666666667,4.2,7.6,3.33333333333333,4.5,2.25,2.66666666666667,6.66666666666667,2.2,2,1.8,3.5,5.8,3.33333333333333,7.5,7.33333333333333,2,2.5,5.33333333333333,4.83333333333333,7.66666666666667,5,3,2.66666666666667,2.5,7.66666666666667
86,PY,2020,Paraguay,5809,UNACE,Partido UNACE,UNACE Party,0,1,8.42857142857143,2,1,5.5,10,4.75,2,4.4,9,4,4.2,6.75,1.2,8.16666666666667,2.5,9.2,1.2,8.5,7.5,9,4,9.42857142857143,1.25,9.5,6.75,2.25,5.5,5,1.33333333333333,9.8,8.66666666666667,6,0.666666666666667,2.6,3,2.4,2.2,6.25,9,6.5,1,1.8,2,4.25,9.2,8.5,9,8.6,6.8
87,PY,2020,Paraguay,5810,MAB,Mario Abdo Benítez,Mario Abdo Benítez,1,1,7.72727272727273,3.83333333333333,NA,8.90909090909091,9.81818181818182,3,NA,6.36363636363636,8.36363636363636,8.18181818181818,5.625,6.875,3.11111111111111,7.45454545454545,3.9,8.44444444444444,1.4,7.88888888888889,6.28571428571429,7.55555555555556,4,9.88888888888889,1.75,9.8,8.77777777777778,2.66666666666667,5.66666666666667,6.57142857142857,1.71428571428571,8.22222222222222,5.66666666666667,7.77777777777778,0.714285714285714,3,5.71428571428571,1.55555555555556,0.666666666666667,3.33333333333333,NA,5.44444444444444,4.28571428571429,3,5.55555555555556,2.44444444444444,6.33333333333333,9.11111111111111,9.55555555555556,9.44444444444444,5.33333333333333
88,PE,2020,Peru,5901,AP,Acción Popular,Popular Action,0,1,6.13333333333333,5.57142857142857,6.14285714285714,6.61538461538461,6.73333333333333,6.57142857142857,6.5,4.41666666666667,5.6,6.4,3.3,6.22222222222222,3.4,4.64285714285714,4.63636363636364,6.5,2.125,4.88888888888889,3,5.27272727272727,3.11111111111111,6.2,3,5.77777777777778,3,4.2,3.22222222222222,3.9,3,6.375,5.75,5.75,1.625,4.85714285714286,2,3,4.25,3.875,7.875,3.42857142857143,5.66666666666667,4,4.66666666666667,2.66666666666667,7.16666666666667,6,7.5,5.5,4.33333333333333
89,PE,2020,Peru,5902,PP,Podemos Perú,Perú We can,0,1,6.46666666666667,6.5,4.14285714285714,6.36363636363636,7.53846153846154,4.71428571428571,7,4.92307692307692,6.78571428571429,5.66666666666667,2.77777777777778,7,5.18181818181818,5.28571428571429,5.09090909090909,7.25,2.125,5,3.22222222222222,6,4.11111111111111,8.11111111111111,4,7.66666666666667,4.11111111111111,4.22222222222222,3.66666666666667,5.125,2.66666666666667,9,7.875,6.375,1.75,6.42857142857143,1.71428571428571,5,7.5,4,9.28571428571429,7.14285714285714,4.4,1.6,1.16666666666667,2.66666666666667,7.33333333333333,8.25,0.2,7.5,2.6
90,PE,2020,Peru,5903,FPAP,Frente Popular Agrícola del Perú,Agricultural People's Front of Peru,0,1,4.78571428571429,6.85714285714286,1.71428571428571,6.38461538461539,8.41666666666667,2,2.2,7,5.41666666666667,6.125,3.375,5.75,2.8,2.83333333333333,6.25,3.72727272727273,5.63636363636364,3.77777777777778,4.77777777777778,3.55555555555556,3.6,8.5,5.1,9.3,8.4,6.7,5.8,3.55555555555556,4.9,7.28571428571429,6.71428571428571,3.625,5.66666666666667,5.33333333333333,2.42857142857143,6.4,6.57142857142857,6.5,5.5,4.5,5.4,3.2,4.6,3.5,6.5,6.8,6.6,6.2,6.6
91,PE,2020,Peru,5904,APP,Alianza para el Progreso,Alliance for Progress,0,1,6.92857142857143,5.42857142857143,4.5,6.30769230769231,7.46666666666667,5.85714285714286,6.25,4.16666666666667,7.14285714285714,4.7,3.1,6.44444444444444,3.5,5.5,3.72727272727273,7.2,1.88888888888889,5.6,2.55555555555556,5.66666666666667,3,7.22222222222222,3.55555555555556,6.22222222222222,3.44444444444444,3.77777777777778,3.11111111111111,3.7,4,7.375,6.57142857142857,5.625,1.625,4.16666666666667,2.42857142857143,3.66666666666667,4.375,4.25,9,4.57142857142857,4.33333333333333,2.2,3.66666666666667,3,7.33333333333333,9,6.2,8.2,2
92,PE,2020,Peru,5905,PURP,Partido Morado,Purple Party,0,1,6.07142857142857,4.28571428571429,3.85714285714286,7,3.69230769230769,4,3.6,6.07692307692308,5.6,6.18181818181818,5,4.3,4,4.42857142857143,4.41666666666667,4.6,4.6,4.55555555555556,4.3,4.81818181818182,3.6,2.81818181818182,6.2,3.8,3.55555555555556,2.9,5,4.8,3.2,4.5,6.42857142857143,3.5,3.66666666666667,2.75,3.75,3.5,5,6.875,7.125,2.5,5.83333333333333,7.6,6.66666666666667,4.66666666666667,5.83333333333333,2.4,3.33333333333333,2.4,5.6
93,PE,2020,Peru,5906,FP,Fuerza Popular,Popular Force,0,1,7.8,4.42857142857143,3.57142857142857,6.64285714285714,9,3,3,6.33333333333333,8.53333333333333,3.45454545454545,1.38461538461538,7.7,5,6.46666666666667,3.91666666666667,8.61538461538461,2,6.7,2.7,7.09090909090909,3.6,9,5.4,8.4,5.55555555555556,2.81818181818182,4.4,5.22222222222222,2.7,8.875,7.375,7.25,1.55555555555556,6.375,2.375,3.66666666666667,4.625,1.75,8.875,6.875,3.5,1.8,1,2.66666666666667,7.16666666666667,8.5,7.5,8.83333333333333,3.16666666666667
94,PE,2020,Peru,5907,UPP,Unión por el Perú,Union for Peru ,0,1,2.41666666666667,5.5,5,6.84615384615385,8.33333333333333,5.25,5.5,6.36363636363636,3.07692307692308,5.77777777777778,2.44444444444444,6.9,5.2,1.92307692307692,6.83333333333333,5.18181818181818,3.75,3.42857142857143,3.5,2.88888888888889,2.42857142857143,7.7,3.88888888888889,6.5,3.25,7.875,4,2.85714285714286,3.66666666666667,8.57142857142857,7.42857142857143,4.57142857142857,3.25,6.375,1.85714285714286,5,8.57142857142857,4.85714285714286,8.33333333333333,6.6,5,2.6,1.6,2.66666666666667,8.8,6.6,4.2,6,3.4
95,PE,2020,Peru,5908,FA,"El Frente Amplio por la Justicia, Vida y Libertad",Broad Front,0,1,2,2.42857142857143,3.28571428571429,7.84615384615385,3.4,2.22222222222222,3.5,6.21428571428571,1.93333333333333,7.08333333333333,3.33333333333333,4.6,4.27272727272727,1,8.21428571428571,1.92307692307692,6.45454545454545,1.81818181818182,5.6,1.45454545454545,4,2.45454545454545,5.7,2,1.9,7.45454545454545,5.4,2.77777777777778,4,3.625,5.875,1.5,5.88888888888889,5.75,2.25,4.33333333333333,7,6.625,6.125,3.375,5.66666666666667,3,3.33333333333333,2.66666666666667,6.66666666666667,4.6,5.16666666666667,3.8,6.16666666666667
96,PE,2020,Peru,5909,PDSP,Partido Democrático Somos Perú,We Are Peru,0,1,7,5.83333333333333,4.33333333333333,5.83333333333333,7.07142857142857,3.77777777777778,5,3.90909090909091,6.5,5.125,3.55555555555556,6.14285714285714,4,5.07692307692308,4.5,6,2.625,5.5,2.875,5.22222222222222,3.71428571428571,6.75,2.625,6,3.71428571428571,3.875,3.25,4.5,4.25,6.85714285714286,6.33333333333333,5.33333333333333,2,4.4,2.66666666666667,5.5,3.8,5.5,6.83333333333333,4.6,4.6,4.66666666666667,4,3.5,5.5,5.66666666666667,3.5,4.66666666666667,2
97,PE,2020,Peru,5910,PPC,Partido Popular Cristiano,Christian People's Party ,0,1,7.92857142857143,3,3.14285714285714,6.53846153846154,8.33333333333333,3,3,6,7.86666666666667,4.09090909090909,2.77777777777778,6.11111111111111,4.45454545454545,7.07142857142857,3.58333333333333,7.27272727272727,2.55555555555556,6.63636363636364,2.66666666666667,7,5,8.1,4.8,7.8,6,2,4.4,5.55555555555556,2.4,7.25,6.57142857142857,6.5,1.44444444444444,3.75,2.42857142857143,4.16666666666667,3.25,4.25,7.5,4.125,4.33333333333333,3.5,4.83333333333333,3.16666666666667,5.5,5,6,5.66666666666667,4.33333333333333
98,PE,2020,Peru,5911,APRA,Partido Aprista Peruano,American Popular Revolutionary Alliance,0,1,7.26666666666667,5.28571428571429,3.33333333333333,5.61538461538461,7.46666666666667,4.11111111111111,4,4.36363636363636,7.46666666666667,3.81818181818182,1.36363636363636,7,5,7.21428571428571,3.41666666666667,8.30769230769231,2.18181818181818,6.44444444444444,2.55555555555556,7.18181818181818,3.8,7.7,3,6.6,3.66666666666667,2.1,3.7,6.22222222222222,2.3,7.875,6,7.25,1.33333333333333,5.75,2.625,3.33333333333333,3,2,8.5,6.375,4,3.2,1.66666666666667,2.66666666666667,5.83333333333333,7,9.33333333333333,8,4
99,PE,2020,Peru,5912,MV,Martín Vizcarra,Martín Vizcarra,1,1,5.53846153846154,3.4,NA,7,4.25,4.42857142857143,NA,5.76923076923077,5.61538461538461,7.13333333333333,6.33333333333333,5.5,5,4.61538461538461,5.92307692307692,6.54545454545455,3.72727272727273,4,4,5,3.7,5.45454545454545,4.6,4.8,2.55555555555556,3.63636363636364,4.4,3.8,4.3,5.75,5.625,5.5,3.55555555555556,3.875,4,5.57142857142857,4.875,6.875,NA,4.5,5,4.4,5,3.33333333333333,6.83333333333333,4.2,2.2,3.6,4.5
100,PE,2020,Peru,5913,PL,Perú Libre,Free Peru,0,1.2,0.666666666666667,3.8,1,8.4,8.66666666666667,2,7,6.33333333333333,1,3,4.4,8.83333333333333,6.5,0.333333333333333,8,2.83333333333333,5.83333333333333,1,7.83333333333333,0.5,6.66666666666667,8.66666666666667,4.5,6.16666666666667,5,9.5,8.66666666666667,1,9.16666666666667,5.83333333333333,5,2,7.16666666666667,9,2.33333333333333,9.66666666666667,9.66666666666667,6.16666666666667,8.16666666666667,8.66666666666667,6.2,0.8,1.8,0.6,7.8,6.25,1.2,4.8,6.4
101,PE,2020,Peru,5914,RP,Renovación Popular,Popular Renewal,0,1.2,9.83333333333333,4,7,6.6,9.83333333333333,0.4,1,9.16666666666667,9.83333333333333,1.16666666666667,6.33333333333333,9.33333333333333,7.16666666666667,9.16666666666667,4.83333333333333,9.5,2,8,5.83333333333333,9,8.16666666666667,9.83333333333333,6.16666666666667,9.66666666666667,9.83333333333333,1.66666666666667,5.83333333333333,8.6,1.6,9.5,7.83333333333333,9.33333333333333,1.16666666666667,7.4,4.5,3.66666666666667,9.16666666666667,6.16666666666667,9.66666666666667,9.33333333333333,6.2,3.75,0,1,9.2,7,2.4,6.4,8.4
102,PE,2020,Peru,5915,AvP,Avanza País,Go on Country,0,1.2,7.5,4.2,6,7.8,6.33333333333333,4.8,4,5.5,7.66666666666667,2.5,5.83333333333333,6.4,4.5,7.33333333333333,4.5,8.5,2.5,8,5.66666666666667,9.5,8.5,7,4.83333333333333,6.16666666666667,5.5,1.33333333333333,5.83333333333333,6,2.6,7.16666666666667,6,7.5,2.16666666666667,3.33333333333333,4.66666666666667,3,2.83333333333333,3.66666666666667,8,4.4,3.2,5.5,4.4,0.75,8.4,3.6,0.8,5,5.8
103,PE,2020,Peru,5916,JP,Juntos por el Perú,Together for Peru,0,1.2,2.5,2.8,2,8.8,1.66666666666667,2.2,3,7.5,2.5,7.16666666666667,4.66666666666667,4.16666666666667,4.5,1.5,7.66666666666667,1.83333333333333,8.16666666666667,1.6,8.5,1.66666666666667,6.16666666666667,1,8.33333333333333,1.33333333333333,1.83333333333333,8,7.33333333333333,3.5,4.83333333333333,2,4.33333333333333,1.16666666666667,8.33333333333333,5.5,3.5,5.33333333333333,6.33333333333333,7.83333333333333,5,3.16666666666667,4.6,5.6,5.6,3.8,7.6,2.8,2.4,4,6.6
104,UY,2020,Uruguay,6001,FA,Frente Amplio,Broad Front ,0,1,3.08333333333333,3.14285714285714,4.8,8.16666666666667,2,1.28571428571429,2.2,7.83333333333333,2.75,6.90909090909091,1.5,2.72727272727273,3.55555555555556,1.90909090909091,6.8,5.09090909090909,5,3.2,6.66666666666667,3,5.125,1.09090909090909,6.55555555555556,1.2,1.875,6,4.5,2.6,5.2,3.44444444444444,5.55555555555556,2.625,3.71428571428571,4.33333333333333,4,5.66666666666667,3.75,5,3.77777777777778,2.44444444444444,5.57142857142857,5.33333333333333,5.33333333333333,5,6.55555555555556,3.88888888888889,8.88888888888889,3.875,8.55555555555556
105,UY,2020,Uruguay,6002,PN,Partido Nacional,National Party,0,1,7.16666666666667,1.71428571428571,2.6,8.66666666666667,7.25,3.42857142857143,4.2,6.33333333333333,7.33333333333333,4.18181818181818,4.9,3,4.1,7.18181818181818,3.6,6.09090909090909,4,6.7,5.44444444444444,7.45454545454545,7.25,7.09090909090909,4.44444444444444,5.8,5.44444444444444,2.5,7.625,3,6.16666666666667,7.77777777777778,8.66666666666667,4.85714285714286,2,2.66666666666667,4.83333333333333,3,2.375,6.25,8.66666666666667,2.66666666666667,4.71428571428571,7,6,4.44444444444444,7.44444444444444,5.11111111111111,8.66666666666667,4.25,6.66666666666667
106,UY,2020,Uruguay,6003,PC,Partido Colorado,Colorado Party,0,1,6.66666666666667,2.14285714285714,3.8,8.41666666666667,5.16666666666667,3.42857142857143,4.8,5.83333333333333,6.66666666666667,4.72727272727273,4.44444444444444,3,4.3,6.45454545454545,3.44444444444444,6.09090909090909,4.1,5.9,5.33333333333333,6.63636363636364,6.5,5.27272727272727,5.375,2.6,3,2.8,7.5,4.11111111111111,4.2,7.11111111111111,8.375,4.71428571428571,2.16666666666667,2.66666666666667,5.16666666666667,3,2.5,5.57142857142857,8.88888888888889,2.55555555555556,4.71428571428571,7.11111111111111,6,4.625,7,4.77777777777778,8.22222222222222,3.875,6.77777777777778
107,UY,2020,Uruguay,6004,CA,Partido Cabildo Abierto,Open Cabildo ,0,1,7.08333333333333,3.14285714285714,1.75,5.9,9.41666666666667,1.28571428571429,1.2,7.45454545454545,9.16666666666667,4.66666666666667,5.42857142857143,5.66666666666667,4,5.8,3.75,6,4.22222222222222,5.85714285714286,5.57142857142857,5.57142857142857,6.42857142857143,9.63636363636364,5.3,7,6.33333333333333,5.4,5.42857142857143,3.5,3.33333333333333,9.44444444444444,9.125,6.16666666666667,1.33333333333333,6,2.25,4.14285714285714,5.625,7.14285714285714,8.625,5.71428571428571,5.42857142857143,3.85714285714286,3.33333333333333,4.57142857142857,9.11111111111111,5,3.55555555555556,4.125,6.22222222222222
108,UY,2020,Uruguay,6005,PG,Partido de la Gente,Party of the People,0,1,7.72727272727273,3,1,6.8,7.85714285714286,6,1,5.33333333333333,8.375,4,2.5,5.5,6.5,8,3,5.5,3,9,6,8.5,8,8.2,4,NA,0,2.5,7.66666666666667,NA,NA,9,9,6.33333333333333,0.75,6.5,2.5,3.5,5.5,7.75,9.8,4,3,7,3,4.66666666666667,8.77777777777778,4.75,1,3,4
109,UY,2020,Uruguay,6006,PERI,Partido Ecologista Radical Intransigente,Ecologist Radical Intransigent Party,0,1,5.16666666666667,6.33333333333333,2,5.33333333333333,4.5,7,0.5,5.83333333333333,5.875,5.25,4.8,4,3.33333333333333,6,6.5,1.71428571428571,5.71428571428571,5.16666666666667,4.75,4.5,4,5.25,5,4,2.66666666666667,3.5,5,NA,5,7.6,6.66666666666667,3.66666666666667,1.5,4.5,4.33333333333333,4.4,5.14285714285714,6.33333333333333,8.16666666666667,4.5,3,7,4.83333333333333,4.33333333333333,8,2,2,1.6,6
110,UY,2020,Uruguay,6007,PI,Partido Independiente,Independent Party,0,1,5.54545454545455,5,1.5,6.45454545454545,4.72727272727273,3.14285714285714,1.75,5.88888888888889,5.45454545454545,5.125,3.625,2.5,3,5,4.22222222222222,5,4.44444444444444,5.66666666666667,5,5.77777777777778,5.125,4.33333333333333,4.625,3.71428571428571,3.71428571428571,3.55555555555556,5.5,4.6,4.6,6.375,7,4.33333333333333,2.8,3.28571428571429,4.66666666666667,3.83333333333333,2.42857142857143,5.28571428571429,8,2.375,5.33333333333333,7.375,6.125,4.71428571428571,5.42857142857143,2.625,3.57142857142857,2.83333333333333,6.28571428571429
111,UY,2020,Uruguay,6008,LL,Luis Lacalle,Luis Lacalle,1,1,7.4,1.42857142857143,NA,8.45454545454546,6,3.57142857142857,NA,6.09090909090909,7.54545454545455,4,5.11111111111111,2.9,3.5,7.2,3.22222222222222,6.2,3.55555555555556,6.77777777777778,5,7.77777777777778,7.125,6.33333333333333,4.44444444444444,6.44444444444444,5.77777777777778,2.11111111111111,7.875,3.25,5.66666666666667,7.875,8.5,4.83333333333333,1.75,2.75,4.66666666666667,3,2,6.25,NA,3,5.33333333333333,7.625,5.375,5,6.75,4.375,8.125,3.71428571428571,6.25
112,VE,2020,Venezuela,6101,PSUV,Partido Socialista Unido de Venezuela,United Socialist Party of Venezuela ,0,1,1.22222222222222,3.8,2.25,6.375,7.625,6.8,2.75,3.44444444444444,0.777777777777778,7.33333333333333,9,5.71428571428571,3.5,2.28571428571429,5.42857142857143,7.75,1.14285714285714,5.5,2.57142857142857,1,3.57142857142857,5.83333333333333,1.42857142857143,3.5,2,8.66666666666667,5.71428571428571,9.375,3.57142857142857,9,4,4.42857142857143,1.66666666666667,8.5,1.75,7.16666666666667,8.83333333333333,0.285714285714286,9.85714285714286,9.28571428571429,4.375,0.375,0,1.42857142857143,7,10,9.625,9.875,6.33333333333333
113,VE,2020,Venezuela,6102,PJ,Primero Justicia,Justice First,0,1,5.88888888888889,4,3.75,6.55555555555556,4.88888888888889,3.4,5,5.66666666666667,5.33333333333333,7.375,1.55555555555556,4.16666666666667,4.5,4.875,5.42857142857143,4.125,4.42857142857143,2.85714285714286,5.85714285714286,6.75,6.85714285714286,4.14285714285714,4.57142857142857,5.375,4.71428571428571,4,7.42857142857143,1.875,6.85714285714286,2.875,6.14285714285714,4.375,3.85714285714286,1.85714285714286,9.42857142857143,2.42857142857143,4.33333333333333,7.57142857142857,5.85714285714286,1.42857142857143,9.25,8,5.28571428571429,5,3.5,3.71428571428571,4.85714285714286,3.14285714285714,6.42857142857143
114,VE,2020,Venezuela,6103,AD,Acción Democrática,Democratic Action,0,1,4.55555555555556,3.8,3.75,6.55555555555556,4.77777777777778,4.4,4.5,5.33333333333333,4.77777777777778,7.4,1.55555555555556,4.33333333333333,4.375,4.5,5.85714285714286,4.625,4.42857142857143,2.71428571428571,5.85714285714286,5.875,6.14285714285714,3.57142857142857,3.85714285714286,4.25,4,4.71428571428571,7.28571428571429,2.125,6.71428571428571,3.71428571428571,6.28571428571429,4.5,4.14285714285714,2.42857142857143,9.28571428571429,2.85714285714286,5,6.71428571428571,7.28571428571429,2.42857142857143,9,6.75,4.71428571428571,4.375,3.25,4.71428571428571,7.125,4,5.71428571428571
115,VE,2020,Venezuela,6104,NT,Un Nuevo Tiempo,A New Era ,0,1,4.77777777777778,5,4,6.11111111111111,5.11111111111111,4.6,5.5,4.25,5.11111111111111,7.4,1.25,4.33333333333333,4.375,4.14285714285714,5.85714285714286,4.14285714285714,4.57142857142857,2.85714285714286,6,6,6.42857142857143,3.42857142857143,3.85714285714286,3.85714285714286,4,4.71428571428571,7,1.625,7.28571428571429,3.71428571428571,6.28571428571429,4.375,4.42857142857143,2.42857142857143,9.14285714285714,2.85714285714286,5,6.57142857142857,7.14285714285714,2.42857142857143,9,6.875,4.85714285714286,4.25,3.625,4.71428571428571,4.85714285714286,4,5.28571428571429
116,VE,2020,Venezuela,6105,VP,Voluntad Popular,Popular Will,0,1,5.66666666666667,3.6,3.75,6.55555555555556,4.44444444444444,3.6,4.25,5.66666666666667,5.11111111111111,6.88888888888889,1.88888888888889,4.16666666666667,4.5,4.875,5.71428571428571,4.375,5,2.71428571428571,6.14285714285714,6.375,6.57142857142857,2.28571428571429,5.57142857142857,4.75,4,4.28571428571429,7.57142857142857,1.875,6.85714285714286,3.5,6.57142857142857,4.25,4.42857142857143,1.71428571428571,9.42857142857143,3.42857142857143,4.83333333333333,7.14285714285714,6.85714285714286,2,9.14285714285714,7.25,5.42857142857143,5,4.75,4.28571428571429,5.42857142857143,3.57142857142857,6.42857142857143
117,VE,2020,Venezuela,6106,LCR,La Causa Radical,Radical Cause,0,1,3.11111111111111,4,3.25,5.22222222222222,4.11111111111111,4,3.66666666666667,4.125,3,7.25,3.14285714285714,3.25,3.71428571428571,2.66666666666667,6.16666666666667,4.14285714285714,4.71428571428571,2.5,5.66666666666667,4.375,5,3.28571428571429,4.6,3.16666666666667,3.16666666666667,5.42857142857143,5.71428571428571,3,6.71428571428571,3.14285714285714,5.5,3.57142857142857,4.28571428571429,1.85714285714286,8.14285714285714,3.16666666666667,5.66666666666667,6.57142857142857,5.14285714285714,2.28571428571429,8.28571428571429,7.14285714285714,4.71428571428571,4.28571428571429,3.28571428571429,4,5.42857142857143,2.5,6
118,VE,2020,Venezuela,6107,Tupamaro,Tendencias Unificadas para Alcanzar el Movimiento de Acción Revolucionaria Organizada,Revolutionary Movement Tupamaro,0,1,0.222222222222222,1,0.25,4.75,5.2,7.75,2,2.85714285714286,0.125,7.6,8.625,7.25,2.16666666666667,1,5.5,7.2,1,4.4,1.6,1.375,2.2,5.5,1.2,0.714285714285714,2,9.2,5.83333333333333,7.14285714285714,2.83333333333333,7.66666666666667,2.83333333333333,3,2.33333333333333,8.28571428571429,1.71428571428571,6.66666666666667,8.66666666666667,2.71428571428571,7.4,8.66666666666667,4.33333333333333,1,0.285714285714286,1.71428571428571,4.2,7,8.5,5.4,6.66666666666667
119,VE,2020,Venezuela,6108,PC,Partido Comunista de Venezuela,Communist Party of Venezuela,0,1,0.555555555555556,1.8,0.25,4.77777777777778,5.33333333333333,7.2,1.75,2.875,0.333333333333333,7.4,8.125,7,2.16666666666667,0.833333333333333,5.5,5.85714285714286,1.28571428571429,4.4,2.66666666666667,0.428571428571429,3,5.4,1.2,0.75,2.57142857142857,9.16666666666667,5.57142857142857,8.14285714285714,3.14285714285714,6.85714285714286,2.83333333333333,2.14285714285714,2.57142857142857,7.71428571428571,2,6.85714285714286,8.33333333333333,2.71428571428571,7.85714285714286,8.16666666666667,4.33333333333333,0.75,1.28571428571429,1.75,3.33333333333333,6.71428571428571,9.125,5.33333333333333,7.5
120,VE,2020,Venezuela,6109,ABP,Alianza Bravo Pueblo,Fearless People's Alliance,0,1,5.44444444444444,4.6,3.75,5.44444444444444,5.44444444444444,4.25,5,4.42857142857143,5.88888888888889,6.75,1.875,3.8,3.16666666666667,5.25,5.14285714285714,4.28571428571429,4.14285714285714,3.33333333333333,5.28571428571429,6,5.83333333333333,3.5,4.5,4.28571428571429,4.16666666666667,4.57142857142857,6.14285714285714,2.125,7,3.71428571428571,6.28571428571429,4.14285714285714,4,2.42857142857143,8.57142857142857,2.85714285714286,4.83333333333333,6.85714285714286,7.28571428571429,2,8.71428571428571,6.5,4.28571428571429,4.25,4.14285714285714,4.71428571428571,4.85714285714286,4,5.28571428571429
121,VE,2020,Venezuela,6110,AP,Avanzada Progresista,Progressive Advance,0,1,3.44444444444444,4.2,3,5.44444444444444,4.5,4.2,4.66666666666667,4.55555555555556,3,6.75,3.125,3.8,4.28571428571429,3,5.57142857142857,4.57142857142857,5.14285714285714,3,6.42857142857143,5.125,6.14285714285714,3.28571428571429,4.85714285714286,4,4,5.14285714285714,6,2.375,6.71428571428571,3.71428571428571,6.16666666666667,3.85714285714286,4.85714285714286,4.28571428571429,7.71428571428571,3.14285714285714,5.16666666666667,6.57142857142857,6.71428571428571,1.85714285714286,8.42857142857143,6.5,4.5,4.75,4.14285714285714,4.5,4.71428571428571,3.5,6
122,VE,2020,Venezuela,6111,EC,Esperanza por el Cambio,Hope for Change,0,1,5,5.5,3.33333333333333,3.8,6.4,2.66666666666667,5,5.16666666666667,6,5,2.25,4,2.8,4.33333333333333,6,3,3,4,4.66666666666667,6.33333333333333,5,5.33333333333333,6.66666666666667,7,6.66666666666667,2.66666666666667,5.66666666666667,2.5,7.5,5.66666666666667,7,3.33333333333333,5,4.66666666666667,6.66666666666667,4,4.75,7.66666666666667,8,4.33333333333333,6.33333333333333,6,5.66666666666667,4.25,5.66666666666667,4.33333333333333,4.66666666666667,5,4.33333333333333
123,VE,2020,Venezuela,6112,VV,Vente Venezuela,Come Venezuela,0,1,8.77777777777778,1.2,2.25,7.14285714285714,7,2.8,2.33333333333333,6.66666666666667,8.55555555555556,7.16666666666667,1,4.16666666666667,4.375,7.25,4.71428571428571,5.5,4,6.5,6,9.125,9,5,5.71428571428571,6.5,5,1.28571428571429,9.14285714285714,1.875,7.14285714285714,4.28571428571429,6.28571428571429,3.28571428571429,3.57142857142857,3,9.42857142857143,2.71428571428571,6.33333333333333,7.85714285714286,7.71428571428571,2,8.85714285714286,8.125,3,5.125,5.85714285714286,4.28571428571429,5.85714285714286,3,7.28571428571429
124,VE,2020,Venezuela,6113,NM,Nicolás Maduro,Nicolás Maduro,1,1,0.777777777777778,3.8,NA,5.88888888888889,7.88888888888889,6.4,NA,4,1,7.22222222222222,9.22222222222222,5.85714285714286,2.5,2.28571428571429,5.5,6.14285714285714,1,4.2,2.71428571428571,1.5,3.75,6,1.57142857142857,3.5,2.57142857142857,8.66666666666667,4.5,9.125,2.85714285714286,9.14285714285714,3.71428571428571,4.28571428571429,1.66666666666667,8,1.625,7.33333333333333,8,0.285714285714286,NA,10,4.5,0.375,0,0,7.25,9.875,8.75,8.57142857142857,6.8
125,VE,2020,Venezuela,6114,JG,Juan Guaidó,Juan Guaidó,1,1,5.375,5,NA,6.66666666666667,3.77777777777778,3.4,NA,6,4.55555555555556,7.22222222222222,2.22222222222222,4.16666666666667,5,4.25,5.875,4.28571428571429,5.25,3.14285714285714,6.28571428571429,6,6.42857142857143,2.42857142857143,5,4.5,4.85714285714286,4.57142857142857,6.85714285714286,2.28571428571429,6.85714285714286,3.25,6.71428571428571,3.875,4.71428571428571,1.375,9.375,2.71428571428571,5.5,7,NA,2,8.75,7.125,5.5,6.25,4.375,4.42857142857143,5.75,3.28571428571429,6.66666666666667